{
  "precision": 0.7258064516129032,
  "recall": 0.6302521008403361,
  "f1_score": 0.6746626686656672
}